State,Foil,Rudder,Wing,Config,TWS (km/h),VMG (km/h),BSP (km/h),TWA (deg),LEEWAY (deg),CANT (deg),HEEL (deg),EFF CANT (deg),RH LW (mm),DIFF (deg),AVG (deg),PITCH (deg),CA1 (deg),ROT (deg),CLEW (deg),TWIST (deg),CUNNO (kgf),JibLead (deg),JibSheet (kgf),AWS,AWA+Leeway,AWA-E1,TWSTop,AWSTop,AWA+Leeway Top,AWATop-E1,CA6,AWATop - CA6,AWA-JibLead
Foiling,HSB2,HSRW2,24,Foiling_HSB2_HSRW2-24m,14,#ERROR!,45.0,70.0,2.3,4.0,3.0,#ERROR!,1180.0,1.6,5.5,-3.2,-19.0,#ERROR!,-1.5,23.0,500.0,5.5,450.0,#ERROR!,#ERROR!,#ERROR!,#ERROR!,#ERROR!,#ERROR!,#ERROR!,#ERROR!,#ERROR!,#ERROR!
Foiling,HSB2,HSRW2,24,Foiling_HSB2_HSRW2-24m,16,#ERROR!,46.5,63.5,2.3,2.0,3.0,#ERROR!,1175.0,1.6,5.6,-3.2,-19.0,#ERROR!,-0.8,24.0,800.0,5.5,600.0,#ERROR!,#ERROR!,#ERROR!,#ERROR!,#ERROR!,#ERROR!,#ERROR!,#ERROR!,#ERROR!,#ERROR!
Foiling,HSB2,HSRW2,24,Foiling_HSB2_HSRW2-24m,18,#ERROR!,49.0,58.7,2.2,0.0,3.0,#ERROR!,1170.0,1.5,5.6,-3.2,-18.5,#ERROR!,-0.5,25.5,1120.0,5.5,800.0,#ERROR!,#ERROR!,#ERROR!,#ERROR!,#ERROR!,#ERROR!,#ERROR!,#ERROR!,#ERROR!,#ERROR!
Foiling,HSB2,HSRW2,24,Foiling_HSB2_HSRW2-24m,20,#ERROR!,51.5,54.6,2.0,-2.0,3.0,#ERROR!,1165.0,1.4,5.5,-3.4,-17.9,#ERROR!,-0.3,27.0,1350.0,5.5,1000.0,#ERROR!,#ERROR!,#ERROR!,#ERROR!,#ERROR!,#ERROR!,#ERROR!,#ERROR!,#ERROR!,#ERROR!
Foiling,HSB2,HSRW2,24,Foiling_HSB2_HSRW2-24m,22,#ERROR!,53.6,52.6,1.8,-4.0,2.7,#ERROR!,1160.0,1.3,5.3,-3.5,-17.5,#ERROR!,-0.1,28.0,1575.0,5.5,1200.0,#ERROR!,#ERROR!,#ERROR!,#ERROR!,#ERROR!,#ERROR!,#ERROR!,#ERROR!,#ERROR!,#ERROR!
Foiling,HSB2,HSRW2,24,Foiling_HSB2_HSRW2-24m,24,#ERROR!,55.8,50.9,1.5,-6.5,2.4,#ERROR!,1150.0,1.2,5.1,-3.5,-17.1,#ERROR!,0.2,29.0,1710.0,5.5,1380.0,#ERROR!,#ERROR!,#ERROR!,#ERROR!,#ERROR!,#ERROR!,#ERROR!,#ERROR!,#ERROR!,#ERROR!
Foiling,HSB2,HSRW2,24,Foiling_HSB2_HSRW2-24m,26,#ERROR!,57.4,49.5,1.3,-9.0,2.1,#ERROR!,1135.0,1.1,4.9,-3.5,-16.8,#ERROR!,0.3,30.0,1800.0,5.5,1500.0,#ERROR!,#ERROR!,#ERROR!,#ERROR!,#ERROR!,#ERROR!,#ERROR!,#ERROR!,#ERROR!,#ERROR!
Foiling,HSB2,HSRW2,24,Foiling_HSB2_HSRW2-24m,28,#ERROR!,58.3,48.4,1.1,-9.8,1.8,#ERROR!,1120.0,1.1,4.8,-3.5,-16.5,#ERROR!,0.4,30.5,1800.0,5.5,1600.0,#ERROR!,#ERROR!,#ERROR!,#ERROR!,#ERROR!,#ERROR!,#ERROR!,#ERROR!,#ERROR!,#ERROR!
Foiling,HSB2,HSRW2,24,Foiling_HSB2_HSRW2-24m,30,#ERROR!,59.3,48.1,1.0,-10.0,1.5,#ERROR!,1110.0,1.1,4.6,-3.5,-16.3,#ERROR!,0.7,31.0,1800.0,5.5,1600.0,#ERROR!,#ERROR!,#ERROR!,#ERROR!,#ERROR!,#ERROR!,#ERROR!,#ERROR!,#ERROR!,#ERROR!
Foiling,HSB2,HSRW2,24,Foiling_HSB2_HSRW2-24m,32,#ERROR!,60.1,47.5,0.9,-10.0,1.3,#ERROR!,1100.0,1.0,4.6,-3.5,-16.2,#ERROR!,0.9,31.5,1800.0,5.5,,#ERROR!,#ERROR!,#ERROR!,#ERROR!,#ERROR!,#ERROR!,#ERROR!,#ERROR!,#ERROR!,#ERROR!
Foiling,HSB2,HSRW2,24,Foiling_HSB2_HSRW2-24m,34,#ERROR!,60.6,46.8,0.9,-10.0,1.2,#ERROR!,1100.0,1.0,4.6,-3.5,-16.0,#ERROR!,1.4,32.0,1800.0,5.5,,#ERROR!,#ERROR!,#ERROR!,#ERROR!,#ERROR!,#ERROR!,#ERROR!,#ERROR!,#ERROR!,#ERROR!
Foiling,HSB2,HSRW2,24,Foiling_HSB2_HSRW2-24m,36,#ERROR!,61.1,46.1,1.0,-10.0,1.1,#ERROR!,1100.0,1.0,4.6,-3.4,-16.0,#ERROR!,1.6,32.0,1800.0,5.5,,#ERROR!,#ERROR!,#ERROR!,#ERROR!,#ERROR!,#ERROR!,#ERROR!,#ERROR!,#ERROR!,#ERROR!
Foiling,HSB2,HSRW2,24,Foiling_HSB2_HSRW2-24m,38,#ERROR!,61.6,45.2,1.1,-10.0,1.0,#ERROR!,1100.0,1.0,4.7,-3.4,-15.9,#ERROR!,1.9,32.0,1800.0,5.8,,#ERROR!,#ERROR!,#ERROR!,#ERROR!,#ERROR!,#ERROR!,#ERROR!,#ERROR!,#ERROR!,#ERROR!
Foiling,HSB2,HSRW2,24,Foiling_HSB2_HSRW2-24m,40,#ERROR!,62.0,44.6,1.3,-10.0,0.9,#ERROR!,1100.0,1.0,4.6,-3.3,-15.7,#ERROR!,2.2,32.0,1800.0,6.0,,#ERROR!,#ERROR!,#ERROR!,#ERROR!,#ERROR!,#ERROR!,#ERROR!,#ERROR!,#ERROR!,#ERROR!
Foiling,HSB2,HSRW2,18,Foiling_HSB2_HSRW2-18m,20,#ERROR!,49.0,55.0,2.0,-1.0,3.0,#ERROR!,1200.0,1.4,5.3,-3.2,-20.0,#ERROR!,-2.5,14.0,1000.0,5.0,800.0,#ERROR!,#ERROR!,#ERROR!,#ERROR!,#ERROR!,#ERROR!,#ERROR!,#ERROR!,#ERROR!,#ERROR!
Foiling,HSB2,HSRW2,18,Foiling_HSB2_HSRW2-18m,22,#ERROR!,51.3,53.0,1.5,-3.0,2.7,#ERROR!,1180.0,1.3,4.9,-3.2,-18.5,#ERROR!,-2.0,17.0,1200.0,5.3,1000.0,#ERROR!,#ERROR!,#ERROR!,#ERROR!,#ERROR!,#ERROR!,#ERROR!,#ERROR!,#ERROR!,#ERROR!
Foiling,HSB2,HSRW2,18,Foiling_HSB2_HSRW2-18m,24,#ERROR!,54.5,51.0,1.3,-5.5,2.4,#ERROR!,1160.0,1.3,4.7,-3.2,-17.5,#ERROR!,-1.5,19.0,1400.0,5.6,1200.0,#ERROR!,#ERROR!,#ERROR!,#ERROR!,#ERROR!,#ERROR!,#ERROR!,#ERROR!,#ERROR!,#ERROR!
Foiling,HSB2,HSRW2,18,Foiling_HSB2_HSRW2-18m,26,#ERROR!,58.0,49.0,1.3,-7.9,2.1,#ERROR!,1140.0,1.2,4.6,-3.2,-17.2,#ERROR!,-1.0,21.0,1600.0,5.8,1400.0,#ERROR!,#ERROR!,#ERROR!,#ERROR!,#ERROR!,#ERROR!,#ERROR!,#ERROR!,#ERROR!,#ERROR!
Foiling,HSB2,HSRW2,18,Foiling_HSB2_HSRW2-18m,28,#ERROR!,59.5,47.0,1.3,-9.3,1.9,#ERROR!,1125.0,1.2,4.5,-3.2,-17.1,#ERROR!,-0.5,22.0,1800.0,5.9,1500.0,#ERROR!,#ERROR!,#ERROR!,#ERROR!,#ERROR!,#ERROR!,#ERROR!,#ERROR!,#ERROR!,#ERROR!
Foiling,HSB2,HSRW2,18,Foiling_HSB2_HSRW2-18m,30,#ERROR!,60.6,45.0,1.3,-9.4,1.7,#ERROR!,1110.0,1.1,4.4,-3.2,-16.9,#ERROR!,0.0,22.0,1800.0,6.0,1500.0,#ERROR!,#ERROR!,#ERROR!,#ERROR!,#ERROR!,#ERROR!,#ERROR!,#ERROR!,#ERROR!,#ERROR!
Foiling,HSB2,HSRW2,18,Foiling_HSB2_HSRW2-18m,32,#ERROR!,61.2,43.0,1.3,-9.6,1.5,#ERROR!,1100.0,1.0,4.3,-3.2,-16.7,#ERROR!,0.5,22.0,1800.0,6.0,1500.0,#ERROR!,#ERROR!,#ERROR!,#ERROR!,#ERROR!,#ERROR!,#ERROR!,#ERROR!,#ERROR!,#ERROR!
Foiling,HSB2,HSRW2,18,Foiling_HSB2_HSRW2-18m,34,#ERROR!,62.2,41.0,1.3,-9.8,1.4,#ERROR!,1100.0,1.0,4.3,-3.2,-16.5,#ERROR!,1.0,22.0,1800.0,6.0,1500.0,#ERROR!,#ERROR!,#ERROR!,#ERROR!,#ERROR!,#ERROR!,#ERROR!,#ERROR!,#ERROR!,#ERROR!
Foiling,HSB2,HSRW2,18,Foiling_HSB2_HSRW2-18m,36,#ERROR!,62.6,39.0,1.3,-9.9,1.2,#ERROR!,1100.0,1.0,4.3,-3.2,-16.4,#ERROR!,1.5,22.0,1800.0,6.0,1500.0,#ERROR!,#ERROR!,#ERROR!,#ERROR!,#ERROR!,#ERROR!,#ERROR!,#ERROR!,#ERROR!,#ERROR!
Foiling,HSB2,HSRW2,18,Foiling_HSB2_HSRW2-18m,38,#ERROR!,63.1,38.0,1.3,-10.0,1.2,#ERROR!,1100.0,1.0,4.3,-3.2,-16.3,#ERROR!,2.0,22.0,1800.0,6.0,1500.0,#ERROR!,#ERROR!,#ERROR!,#ERROR!,#ERROR!,#ERROR!,#ERROR!,#ERROR!,#ERROR!,#ERROR!
Foiling,HSB2,HSRW2,18,Foiling_HSB2_HSRW2-18m,40,#ERROR!,63.7,37.5,1.3,-10.0,1.1,#ERROR!,1100.0,1.0,4.3,-3.2,-16.2,#ERROR!,2.3,22.0,1800.0,6.0,1500.0,#ERROR!,#ERROR!,#ERROR!,#ERROR!,#ERROR!,#ERROR!,#ERROR!,#ERROR!,#ERROR!,#ERROR!
Foiling,HSB2,HSRW2,18,Foiling_HSB2_HSRW2-18m,42,#ERROR!,64.4,37.2,1.3,-10.0,1.1,#ERROR!,1100.0,1.0,4.2,-3.2,-16.1,#ERROR!,2.4,22.0,1800.0,6.0,1500.0,#ERROR!,#ERROR!,#ERROR!,#ERROR!,#ERROR!,#ERROR!,#ERROR!,#ERROR!,#ERROR!,#ERROR!
Foiling,HSB2,HSRW2,18,Foiling_HSB2_HSRW2-18m,44,#ERROR!,65.0,37.0,1.3,-10.0,1.0,#ERROR!,1100.0,0.9,4.1,-3.2,-16.0,#ERROR!,2.5,22.0,1800.0,6.0,1500.0,#ERROR!,#ERROR!,#ERROR!,#ERROR!,#ERROR!,#ERROR!,#ERROR!,#ERROR!,#ERROR!,#ERROR!
Foiling,HSB2,LARW2,24,Foiling_HSB2_LARW2-24m,14,#ERROR!,44.6,68.7,2.5,3.0,1.0,#ERROR!,1180.0,1.8,4.0,-3.3,-18.9,#ERROR!,-1.4,21.0,500.0,5.4,,#ERROR!,#ERROR!,#ERROR!,#ERROR!,#ERROR!,#ERROR!,#ERROR!,#ERROR!,#ERROR!,#ERROR!
Foiling,HSB2,LARW2,24,Foiling_HSB2_LARW2-24m,16,#ERROR!,46.1,62.4,2.4,1.2,1.0,#ERROR!,1175.0,1.5,3.9,-3.3,-18.9,#ERROR!,-0.9,24.0,750.0,5.4,,#ERROR!,#ERROR!,#ERROR!,#ERROR!,#ERROR!,#ERROR!,#ERROR!,#ERROR!,#ERROR!,#ERROR!
Foiling,HSB2,LARW2,24,Foiling_HSB2_LARW2-24m,18,#ERROR!,48.3,57.4,2.3,-0.3,1.0,#ERROR!,1170.0,1.2,3.8,-3.3,-18.4,#ERROR!,-0.6,26.0,1050.0,5.5,,#ERROR!,#ERROR!,#ERROR!,#ERROR!,#ERROR!,#ERROR!,#ERROR!,#ERROR!,#ERROR!,#ERROR!
Foiling,HSB2,LARW2,24,Foiling_HSB2_LARW2-24m,20,#ERROR!,50.3,53.4,2.1,-1.9,1.0,#ERROR!,1165.0,0.9,3.6,-3.4,-17.9,#ERROR!,-0.3,28.0,1250.0,5.5,,#ERROR!,#ERROR!,#ERROR!,#ERROR!,#ERROR!,#ERROR!,#ERROR!,#ERROR!,#ERROR!,#ERROR!
Foiling,HSB2,LARW2,24,Foiling_HSB2_LARW2-24m,22,#ERROR!,52.5,51.6,1.9,-3.7,1.0,#ERROR!,1160.0,0.6,3.4,-3.5,-17.5,#ERROR!,-0.1,30.0,1500.0,5.5,,#ERROR!,#ERROR!,#ERROR!,#ERROR!,#ERROR!,#ERROR!,#ERROR!,#ERROR!,#ERROR!,#ERROR!
Foiling,LAB2,HSRW2,24,Foiling_LAB2_HSRW2-24m,14,#ERROR!,47.0,58.0,3.0,4.5,3.0,#ERROR!,1250.0,1.2,5.8,-3.5,-18.0,#ERROR!,-1.0,20.0,1100.0,5.0,1000.0,#ERROR!,#ERROR!,#ERROR!,#ERROR!,#ERROR!,#ERROR!,#ERROR!,#ERROR!,#ERROR!,#ERROR!
Foiling,LAB2,HSRW2,24,Foiling_LAB2_HSRW2-24m,16,#ERROR!,47.2,52.0,2.6,3.5,2.8,#ERROR!,1200.0,1.2,5.9,-3.5,-17.9,#ERROR!,-1.0,23.0,1300.0,5.2,1150.0,#ERROR!,#ERROR!,#ERROR!,#ERROR!,#ERROR!,#ERROR!,#ERROR!,#ERROR!,#ERROR!,#ERROR!
Foiling,LAB2,HSRW2,24,Foiling_LAB2_HSRW2-24m,18,#ERROR!,48.2,46.0,2.4,2.5,2.5,#ERROR!,1175.0,1.2,5.9,-3.5,-17.7,#ERROR!,-1.0,25.0,1450.0,5.3,1260.0,#ERROR!,#ERROR!,#ERROR!,#ERROR!,#ERROR!,#ERROR!,#ERROR!,#ERROR!,#ERROR!,#ERROR!
Foiling,LAB2,HSRW2,24,Foiling_LAB2_HSRW2-24m,20,#ERROR!,49.5,43.0,2.2,0.8,2.3,#ERROR!,1150.0,1.2,5.6,-3.5,-17.6,#ERROR!,-0.5,26.5,1550.0,5.4,1350.0,#ERROR!,#ERROR!,#ERROR!,#ERROR!,#ERROR!,#ERROR!,#ERROR!,#ERROR!,#ERROR!,#ERROR!
Foiling,LAB2,HSRW2,24,Foiling_LAB2_HSRW2-24m,22,#ERROR!,53.3,42.3,2.1,-1.0,2.0,#ERROR!,1125.0,1.1,5.2,-3.5,-17.4,#ERROR!,-0.2,27.5,1650.0,5.5,1390.0,#ERROR!,#ERROR!,#ERROR!,#ERROR!,#ERROR!,#ERROR!,#ERROR!,#ERROR!,#ERROR!,#ERROR!
Foiling,LAB2,HSRW2,24,Foiling_LAB2_HSRW2-24m,24,#ERROR!,55.7,41.6,2.0,-1.8,1.8,#ERROR!,1100.0,1.0,5.0,-3.4,-17.3,#ERROR!,0.0,28.5,1700.0,5.5,1430.0,#ERROR!,#ERROR!,#ERROR!,#ERROR!,#ERROR!,#ERROR!,#ERROR!,#ERROR!,#ERROR!,#ERROR!
Foiling,LAB2,HSRW2,24,Foiling_LAB2_HSRW2-24m,26,#ERROR!,58.5,40.8,2.0,-2.4,1.5,#ERROR!,1075.0,0.9,4.9,-3.2,-17.1,#ERROR!,0.2,30.0,1750.0,5.5,1455.0,#ERROR!,#ERROR!,#ERROR!,#ERROR!,#ERROR!,#ERROR!,#ERROR!,#ERROR!,#ERROR!,#ERROR!
Foiling,LAB2,HSRW2,24,Foiling_LAB2_HSRW2-24m,28,#ERROR!,59.0,40.0,2.0,-2.7,1.3,#ERROR!,1050.0,0.8,4.8,-3.0,-17.0,#ERROR!,0.5,31.0,1800.0,5.5,1470.0,#ERROR!,#ERROR!,#ERROR!,#ERROR!,#ERROR!,#ERROR!,#ERROR!,#ERROR!,#ERROR!,#ERROR!
Foiling,LAB2,HSRW2,24,Foiling_LAB2_HSRW2-24m,30,#ERROR!,59.5,39.5,2.0,-3.0,1.0,#ERROR!,1025.0,0.7,4.8,-2.8,-17.0,#ERROR!,0.8,31.0,1800.0,5.5,1480.0,#ERROR!,#ERROR!,#ERROR!,#ERROR!,#ERROR!,#ERROR!,#ERROR!,#ERROR!,#ERROR!,#ERROR!
Foiling,LAB2,LARW2,24,Foiling_LAB2_LARW2-24m,12,#ERROR!,39.0,62.0,3.0,5.0,3.0,#ERROR!,1250.0,2.2,4.1,-3.5,-19.0,#ERROR!,-1.0,12.0,700.0,5.0,1000.0,#ERROR!,#ERROR!,#ERROR!,#ERROR!,#ERROR!,#ERROR!,#ERROR!,#ERROR!,#ERROR!,#ERROR!
Foiling,LAB2,LARW2,24,Foiling_LAB2_LARW2-24m,14,#ERROR!,43.5,57.0,3.0,4.5,3.0,#ERROR!,1250.0,2.2,4.1,-3.5,-18.6,#ERROR!,-1.0,17.0,1100.0,5.0,1000.0,#ERROR!,#ERROR!,#ERROR!,#ERROR!,#ERROR!,#ERROR!,#ERROR!,#ERROR!,#ERROR!,#ERROR!
Foiling,LAB2,LARW2,24,Foiling_LAB2_LARW2-24m,16,#ERROR!,45.0,52.0,2.6,3.5,2.8,#ERROR!,1200.0,2.2,3.9,-3.5,-18.4,#ERROR!,-1.0,21.0,1300.0,5.2,1150.0,#ERROR!,#ERROR!,#ERROR!,#ERROR!,#ERROR!,#ERROR!,#ERROR!,#ERROR!,#ERROR!,#ERROR!
Foiling,LAB2,LARW2,24,Foiling_LAB2_LARW2-24m,18,#ERROR!,46.5,46.0,2.4,2.5,2.5,#ERROR!,1175.0,2.0,3.9,-3.5,-18.1,#ERROR!,-0.8,23.5,1450.0,5.3,1260.0,#ERROR!,#ERROR!,#ERROR!,#ERROR!,#ERROR!,#ERROR!,#ERROR!,#ERROR!,#ERROR!,#ERROR!
Foiling,LAB2,LARW2,24,Foiling_LAB2_LARW2-24m,20,#ERROR!,47.5,43.0,2.2,0.8,2.3,#ERROR!,1150.0,1.6,3.8,-3.5,-17.9,#ERROR!,-0.5,26.0,1550.0,5.4,1350.0,#ERROR!,#ERROR!,#ERROR!,#ERROR!,#ERROR!,#ERROR!,#ERROR!,#ERROR!,#ERROR!,#ERROR!
Foiling,LAB2,LARW2,24,Foiling_LAB2_LARW2-24m,22,#ERROR!,50.0,42.3,2.1,-1.0,2.0,#ERROR!,1125.0,1.3,3.8,-3.5,-17.6,#ERROR!,-0.2,27.5,1650.0,5.5,1390.0,#ERROR!,#ERROR!,#ERROR!,#ERROR!,#ERROR!,#ERROR!,#ERROR!,#ERROR!,#ERROR!,#ERROR!
Foiling,LAB2,LARW2,24,Foiling_LAB2_LARW2-24m,24,#ERROR!,51.0,41.6,2.0,-1.8,1.8,#ERROR!,1100.0,0.9,3.6,-3.5,-17.4,#ERROR!,0.0,28.5,1700.0,5.5,1430.0,#ERROR!,#ERROR!,#ERROR!,#ERROR!,#ERROR!,#ERROR!,#ERROR!,#ERROR!,#ERROR!,#ERROR!
Foiling,LAB2,LARW2,24,Foiling_LAB2_LARW2-24m,26,#ERROR!,53.0,40.8,2.0,-2.4,1.5,#ERROR!,1075.0,0.5,3.5,-3.5,-17.2,#ERROR!,0.2,30.0,1750.0,5.5,1455.0,#ERROR!,#ERROR!,#ERROR!,#ERROR!,#ERROR!,#ERROR!,#ERROR!,#ERROR!,#ERROR!,#ERROR!
Foiling,LAB2,LARW2,24,Foiling_LAB2_LARW2-24m,28,#ERROR!,55.0,40.0,2.0,-2.7,1.3,#ERROR!,1050.0,0.1,3.4,-3.5,-17.1,#ERROR!,0.5,31.0,1800.0,5.5,1470.0,#ERROR!,#ERROR!,#ERROR!,#ERROR!,#ERROR!,#ERROR!,#ERROR!,#ERROR!,#ERROR!,#ERROR!
Foiling,LAB2,LARW2,27.5,Foiling_LAB2_LARW2-27.5m,13,#ERROR!,40.0,50.0,3.0,4.5,2.0,#ERROR!,#ERROR!,0.4,4.5,-3.5,-20.0,#ERROR!,-0.5,25.0,1000.0,5.5,1450.0,#ERROR!,#ERROR!,#ERROR!,#ERROR!,#ERROR!,#ERROR!,#ERROR!,#ERROR!,#ERROR!,#ERROR!
Foiling,LAB2,LARW2,27.5,Foiling_LAB2_LARW2-27.5m,14,#ERROR!,41.0,49.0,3.3,4.0,2.0,9.0,#ERROR!,0.3,4.2,-3.5,-19.7,#ERROR!,0.0,25.0,1200.0,5.9,1500.0,#ERROR!,#ERROR!,#ERROR!,#ERROR!,#ERROR!,#ERROR!,#ERROR!,#ERROR!,#ERROR!,#ERROR!
Foiling,LAB2,LARW2,27.5,Foiling_LAB2_LARW2-27.5m,15,#ERROR!,42.0,48.0,3.5,3.5,2.0,#ERROR!,#ERROR!,0.2,4.0,-3.4,-19.5,#ERROR!,0.4,25.0,1350.0,6.0,1550.0,#ERROR!,#ERROR!,#ERROR!,#ERROR!,#ERROR!,#ERROR!,#ERROR!,#ERROR!,#ERROR!,#ERROR!
Foiling,LAB2,LARW2,27.5,Foiling_LAB2_LARW2-27.5m,16,#ERROR!,43.5,47.0,3.5,3.1,2.0,#ERROR!,#ERROR!,0.1,3.9,-3.3,-19.3,#ERROR!,0.8,25.0,1475.0,6.1,1600.0,#ERROR!,#ERROR!,#ERROR!,#ERROR!,#ERROR!,#ERROR!,#ERROR!,#ERROR!,#ERROR!,#ERROR!
Foiling,LAB2,LARW2,27.5,Foiling_LAB2_LARW2-27.5m,17,#ERROR!,44.5,46.0,3.5,2.8,1.8,#ERROR!,#ERROR!,0.0,3.8,-3.2,-19.0,#ERROR!,1.2,26.0,1525.0,6.2,1700.0,#ERROR!,#ERROR!,#ERROR!,#ERROR!,#ERROR!,#ERROR!,#ERROR!,#ERROR!,#ERROR!,#ERROR!
Foiling,LAB2,LARW2,27.5,Foiling_LAB2_LARW2-27.5m,18,#ERROR!,45.8,45.0,3.5,2.5,1.5,#ERROR!,#ERROR!,0.0,3.7,-3.1,-18.7,#ERROR!,1.6,27.0,1600.0,6.3,1750.0,#ERROR!,#ERROR!,#ERROR!,#ERROR!,#ERROR!,#ERROR!,#ERROR!,#ERROR!,#ERROR!,#ERROR!
Foiling,LAB2,LARW2,27.5,Foiling_LAB2_LARW2-27.5m,20,#ERROR!,47.0,43.0,3.5,1.7,1.2,#ERROR!,#ERROR!,0.0,3.6,-3.0,-18.5,#ERROR!,2.2,30.0,1700.0,6.4,1800.0,#ERROR!,#ERROR!,#ERROR!,#ERROR!,#ERROR!,#ERROR!,#ERROR!,#ERROR!,#ERROR!,#ERROR!
Foiling,LAB2,LARW2,27.5,Foiling_LAB2_LARW2-27.5m,22,#ERROR!,48.0,40.5,3.5,0.7,1.0,#ERROR!,#ERROR!,0.0,3.5,-3.0,-18.5,#ERROR!,2.5,32.0,1700.0,6.5,1800.0,#ERROR!,#ERROR!,#ERROR!,#ERROR!,#ERROR!,#ERROR!,#ERROR!,#ERROR!,#ERROR!,#ERROR!
Foiling,LAB2,LARW2,27.5,Foiling_LAB2_LARW2-27.5m,24,#ERROR!,48.5,38.0,3.3,-0.3,1.0,#ERROR!,#ERROR!,0.0,3.4,-2.9,-18.5,#ERROR!,2.5,34.0,1700.0,6.5,1800.0,#ERROR!,#ERROR!,#ERROR!,#ERROR!,#ERROR!,#ERROR!,#ERROR!,#ERROR!,#ERROR!,#ERROR!
Foiling,LAB2,LARW2,27.5,Foiling_LAB2_LARW2-27.5m,26,#ERROR!,49.0,36.5,3.0,-1.2,0.8,#ERROR!,#ERROR!,0.0,3.3,-2.8,-18.5,#ERROR!,2.4,36.0,1700.0,6.5,1800.0,#ERROR!,#ERROR!,#ERROR!,#ERROR!,#ERROR!,#ERROR!,#ERROR!,#ERROR!,#ERROR!,#ERROR!
Foiling,LAB2,LARW2,27.5,Foiling_LAB2_LARW2-27.5m,28,#ERROR!,49.5,35.0,2.5,-2.0,0.5,#ERROR!,#ERROR!,0.0,3.2,-2.7,-18.5,#ERROR!,2.0,38.0,1700.0,6.7,1800.0,#ERROR!,#ERROR!,#ERROR!,#ERROR!,#ERROR!,#ERROR!,#ERROR!,#ERROR!,#ERROR!,#ERROR!
Foiling,LAB2,LARW2,27.5,Foiling_LAB2_LARW2-27.5m,30,#ERROR!,49.8,34.0,2.0,-2.5,0.0,#ERROR!,#ERROR!,0.0,3.1,-2.5,-18.5,#ERROR!,1.7,38.0,1700.0,7.0,1800.0,#ERROR!,#ERROR!,#ERROR!,#ERROR!,#ERROR!,#ERROR!,#ERROR!,#ERROR!,#ERROR!,#ERROR!
Foiling,LAB2,LARW2,27.5,Foiling_LAB2_LARW2-27.5m,32,#ERROR!,50.0,34.0,2.0,-3.0,0.0,#ERROR!,#ERROR!,0.0,3.0,-2.4,-18.5,#ERROR!,1.5,38.0,1700.0,7.0,1800.0,#ERROR!,#ERROR!,#ERROR!,#ERROR!,#ERROR!,#ERROR!,#ERROR!,#ERROR!,#ERROR!,#ERROR!
H2,HSB2,LARW2,24,H2_HSB2_LARW2-24m,7,#ERROR!,12.5,50.0,3.5,3.5,-0.5,#ERROR!,,0.0,2.7,-0.1,-29.0,#ERROR!,0.0,5.0,50.0,6.0,50.0,#ERROR!,#ERROR!,#ERROR!,#ERROR!,#ERROR!,#ERROR!,#ERROR!,#ERROR!,#ERROR!,#ERROR!
H2,HSB2,LARW2,24,H2_HSB2_LARW2-24m,9,#ERROR!,13.5,46.0,3.5,2.6,-1.4,#ERROR!,,0.0,2.7,-0.1,-29.0,#ERROR!,0.0,6.0,70.0,6.8,200.0,#ERROR!,#ERROR!,#ERROR!,#ERROR!,#ERROR!,#ERROR!,#ERROR!,#ERROR!,#ERROR!,#ERROR!
H2,HSB2,LARW2,24,H2_HSB2_LARW2-24m,11,#ERROR!,15.0,45.0,3.5,2.0,-2.0,#ERROR!,,0.0,2.7,-0.1,-29.0,#ERROR!,0.0,6.5,100.0,7.6,300.0,#ERROR!,#ERROR!,#ERROR!,#ERROR!,#ERROR!,#ERROR!,#ERROR!,#ERROR!,#ERROR!,#ERROR!
H2,HSB2,LARW2,24,H2_HSB2_LARW2-24m,13,#ERROR!,17.0,45.0,3.5,1.5,-2.5,#ERROR!,,0.0,2.7,-0.1,-29.0,#ERROR!,0.0,7.0,130.0,8.1,400.0,#ERROR!,#ERROR!,#ERROR!,#ERROR!,#ERROR!,#ERROR!,#ERROR!,#ERROR!,#ERROR!,#ERROR!
H1-2B,HSB2,LARW2,24,H1-2B_HSB2_LARW2-24m,10,#ERROR!,17.0,57.0,4.5,0.0,-9.0,#ERROR!,,0.0,3.3,-0.5,-32.0,#ERROR!,-4.0,8.9,90.0,9.0,280.0,#ERROR!,#ERROR!,#ERROR!,#ERROR!,#ERROR!,#ERROR!,#ERROR!,#ERROR!,#ERROR!,#ERROR!
H1-2B,HSB2,LARW2,24,H1-2B_HSB2_LARW2-24m,11,#ERROR!,17.5,52.0,4.5,0.0,-9.0,#ERROR!,,0.0,3.3,-0.5,-31.0,#ERROR!,-4.0,8.0,120.0,8.3,350.0,#ERROR!,#ERROR!,#ERROR!,#ERROR!,#ERROR!,#ERROR!,#ERROR!,#ERROR!,#ERROR!,#ERROR!
H1-2B,HSB2,LARW2,24,H1-2B_HSB2_LARW2-24m,12,#ERROR!,18.5,49.0,4.5,0.0,-9.0,#ERROR!,,0.0,3.3,-0.5,-30.0,#ERROR!,-4.0,7.3,130.0,7.6,400.0,#ERROR!,#ERROR!,#ERROR!,#ERROR!,#ERROR!,#ERROR!,#ERROR!,#ERROR!,#ERROR!,#ERROR!
H1-2B,HSB2,LARW2,24,H1-2B_HSB2_LARW2-24m,13,#ERROR!,19.5,48.0,4.5,0.0,-9.0,#ERROR!,,0.0,3.3,-0.5,-30.0,#ERROR!,-4.0,7.3,160.0,7.6,440.0,#ERROR!,#ERROR!,#ERROR!,#ERROR!,#ERROR!,#ERROR!,#ERROR!,#ERROR!,#ERROR!,#ERROR!
H1,HSB2,LARW2,24,H1_HSB2_LARW2-24m,12,#ERROR!,21.5,55.0,3.0,0.0,-9.0,#ERROR!,,0.0,2.8,-0.8,-28.5,#ERROR!,-4.0,7.0,160.0,7.6,450.0,#ERROR!,#ERROR!,#ERROR!,#ERROR!,#ERROR!,#ERROR!,#ERROR!,#ERROR!,#ERROR!,#ERROR!
H1,HSB2,LARW2,24,H1_HSB2_LARW2-24m,13,#ERROR!,23.0,53.0,3.0,2.0,-9.0,#ERROR!,,0.0,2.8,-0.8,-27.5,#ERROR!,-4.0,10.0,180.0,7.1,550.0,#ERROR!,#ERROR!,#ERROR!,#ERROR!,#ERROR!,#ERROR!,#ERROR!,#ERROR!,#ERROR!,#ERROR!
H1,HSB2,LARW2,24,H1_HSB2_LARW2-24m,14,#ERROR!,25.0,50.0,3.0,4.0,-9.0,#ERROR!,,0.0,2.8,-0.8,-25.0,#ERROR!,-4.0,15.0,200.0,6.5,600.0,#ERROR!,#ERROR!,#ERROR!,#ERROR!,#ERROR!,#ERROR!,#ERROR!,#ERROR!,#ERROR!,#ERROR!
H2,LAB2,LARW2,24,H2_LAB2_LARW2-24m,8,#ERROR!,13.0,51.0,3.5,3.0,-1.0,#ERROR!,,0.0,2.7,-0.1,-30.0,#ERROR!,0.0,6.5,60.0,7.6,150.0,#ERROR!,#ERROR!,#ERROR!,#ERROR!,#ERROR!,#ERROR!,#ERROR!,#ERROR!,#ERROR!,#ERROR!
H2,LAB2,LARW2,24,H2_LAB2_LARW2-24m,10,#ERROR!,14.5,48.0,3.5,1.5,-2.5,#ERROR!,,0.0,2.7,-0.1,-30.0,#ERROR!,0.0,6.9,90.0,8.0,270.0,#ERROR!,#ERROR!,#ERROR!,#ERROR!,#ERROR!,#ERROR!,#ERROR!,#ERROR!,#ERROR!,#ERROR!
H2,LAB2,LARW2,24,H2_LAB2_LARW2-24m,12,#ERROR!,17.0,48.0,3.5,1.0,-3.0,#ERROR!,,0.0,2.7,-0.1,-30.0,#ERROR!,0.0,7.2,125.0,8.3,375.0,#ERROR!,#ERROR!,#ERROR!,#ERROR!,#ERROR!,#ERROR!,#ERROR!,#ERROR!,#ERROR!,#ERROR!
H2,LAB2,LARW2,24,H2_LAB2_LARW2-24m,14,#ERROR!,19.0,48.0,3.5,0.5,-3.5,#ERROR!,,0.0,2.7,-0.1,-30.0,#ERROR!,0.0,7.8,160.0,8.9,460.0,#ERROR!,#ERROR!,#ERROR!,#ERROR!,#ERROR!,#ERROR!,#ERROR!,#ERROR!,#ERROR!,#ERROR!
H1-2B,LAB2,LARW2,24,H1-2B_LAB2_LARW2-24m,10,#ERROR!,17.0,58.0,4.5,0.0,-9.0,#ERROR!,,0.0,3.3,-0.5,-32.0,#ERROR!,-4.0,9.2,100.0,9.3,320.0,#ERROR!,#ERROR!,#ERROR!,#ERROR!,#ERROR!,#ERROR!,#ERROR!,#ERROR!,#ERROR!,#ERROR!
H1-2B,LAB2,LARW2,24,H1-2B_LAB2_LARW2-24m,11,#ERROR!,17.5,53.0,4.5,0.0,-9.0,#ERROR!,,0.0,3.3,-0.5,-31.0,#ERROR!,-4.0,8.4,120.0,8.6,360.0,#ERROR!,#ERROR!,#ERROR!,#ERROR!,#ERROR!,#ERROR!,#ERROR!,#ERROR!,#ERROR!,#ERROR!
H1-2B,LAB2,LARW2,24,H1-2B_LAB2_LARW2-24m,12,#ERROR!,19.0,52.5,4.5,0.0,-9.0,#ERROR!,,0.0,3.3,-0.5,-31.0,#ERROR!,-4.0,8.3,135.0,8.5,410.0,#ERROR!,#ERROR!,#ERROR!,#ERROR!,#ERROR!,#ERROR!,#ERROR!,#ERROR!,#ERROR!,#ERROR!
H1-2B,LAB2,LARW2,24,H1-2B_LAB2_LARW2-24m,13,#ERROR!,20.5,52.0,4.5,0.0,-9.0,#ERROR!,,0.0,3.3,-0.5,-31.0,#ERROR!,-4.0,8.2,160.0,8.4,440.0,#ERROR!,#ERROR!,#ERROR!,#ERROR!,#ERROR!,#ERROR!,#ERROR!,#ERROR!,#ERROR!,#ERROR!
H1,LAB2,LARW2,24,H1_LAB2_LARW2-24m,12,#ERROR!,21.5,56.5,3.0,0.0,-9.0,#ERROR!,,0.0,2.8,-0.8,-29.0,#ERROR!,-4.0,7.0,160.0,8.0,440.0,#ERROR!,#ERROR!,#ERROR!,#ERROR!,#ERROR!,#ERROR!,#ERROR!,#ERROR!,#ERROR!,#ERROR!
H1,LAB2,LARW2,24,H1_LAB2_LARW2-24m,13,#ERROR!,23.0,55.0,3.2,2.0,-9.0,#ERROR!,,0.0,2.8,-0.8,-28.5,#ERROR!,-4.0,10.0,170.0,7.7,500.0,#ERROR!,#ERROR!,#ERROR!,#ERROR!,#ERROR!,#ERROR!,#ERROR!,#ERROR!,#ERROR!,#ERROR!
H1,LAB2,LARW2,24,H1_LAB2_LARW2-24m,14,#ERROR!,24.0,53.0,3.5,4.0,-9.0,#ERROR!,,0.0,2.8,-0.8,-26.5,#ERROR!,-3.0,10.0,200.0,7.1,600.0,#ERROR!,#ERROR!,#ERROR!,#ERROR!,#ERROR!,#ERROR!,#ERROR!,#ERROR!,#ERROR!,#ERROR!
H1,LAB2,LARW2,24,H1_LAB2_LARW2-24m,16,#ERROR!,25.0,50.0,3.5,5.0,-9.0,#ERROR!,,0.0,2.8,-0.6,-25.0,#ERROR!,-1.0,10.0,400.0,7.0,600.0,#ERROR!,#ERROR!,#ERROR!,#ERROR!,#ERROR!,#ERROR!,#ERROR!,#ERROR!,#ERROR!,#ERROR!
H1,LAB2,LARW2,24,H1_LAB2_LARW2-24m,18,#ERROR!,25.0,47.0,3.5,5.5,-9.0,#ERROR!,,0.0,2.8,-0.5,-25.0,#ERROR!,0.0,10.0,400.0,7.0,600.0,#ERROR!,#ERROR!,#ERROR!,#ERROR!,#ERROR!,#ERROR!,#ERROR!,#ERROR!,#ERROR!,#ERROR!
H1,LAB2,LARW2,24,H1_LAB2_LARW2-24m,20,#ERROR!,25.0,44.0,3.5,5.5,-9.0,#ERROR!,,0.0,2.8,-0.5,-25.0,#ERROR!,0.0,10.0,400.0,7.0,600.0,#ERROR!,#ERROR!,#ERROR!,#ERROR!,#ERROR!,#ERROR!,#ERROR!,#ERROR!,#ERROR!,#ERROR!
H2,LAB2,LARW2,27.5,H2_LAB2_LARW2-27.5m,8,#ERROR!,12.0,47.0,3.5,2.5,-1.5,#ERROR!,,0.0,2.7,-0.3,-33.0,#ERROR!,-2.0,7.8,60.0,6.6,200.0,#ERROR!,#ERROR!,#ERROR!,#ERROR!,#ERROR!,#ERROR!,#ERROR!,#ERROR!,#ERROR!,#ERROR!
H2,LAB2,LARW2,27.5,H2_LAB2_LARW2-27.5m,9,#ERROR!,13.5,45.0,3.5,2.0,-2.0,#ERROR!,,0.0,2.7,-0.3,-33.0,#ERROR!,-2.0,7.0,75.0,5.8,300.0,#ERROR!,#ERROR!,#ERROR!,#ERROR!,#ERROR!,#ERROR!,#ERROR!,#ERROR!,#ERROR!,#ERROR!
H2,LAB2,LARW2,27.5,H2_LAB2_LARW2-27.5m,10,#ERROR!,14.0,42.0,3.5,1.5,-2.5,#ERROR!,,0.0,2.7,-0.3,-33.0,#ERROR!,-2.0,6.5,90.0,5.5,400.0,#ERROR!,#ERROR!,#ERROR!,#ERROR!,#ERROR!,#ERROR!,#ERROR!,#ERROR!,#ERROR!,#ERROR!
H1-2B,LAB2,LARW2,27.5,H1-2B_LAB2_LARW2-27.5m,8,#ERROR!,17.0,60.0,4.5,0.0,-9.0,#ERROR!,,0.0,3.3,-0.5,-33.0,#ERROR!,-4.0,6.5,70.0,5.5,290.0,#ERROR!,#ERROR!,#ERROR!,#ERROR!,#ERROR!,#ERROR!,#ERROR!,#ERROR!,#ERROR!,#ERROR!
H1-2B,LAB2,LARW2,27.5,H1-2B_LAB2_LARW2-27.5m,9,#ERROR!,17.0,55.0,4.5,0.0,-9.0,#ERROR!,,0.0,3.3,-0.5,-33.0,#ERROR!,-4.0,6.8,90.0,5.8,400.0,#ERROR!,#ERROR!,#ERROR!,#ERROR!,#ERROR!,#ERROR!,#ERROR!,#ERROR!,#ERROR!,#ERROR!
H1-2B,LAB2,LARW2,27.5,H1-2B_LAB2_LARW2-27.5m,10,#ERROR!,17.0,51.0,4.5,0.0,-9.0,#ERROR!,,0.0,3.3,-0.5,-33.0,#ERROR!,-4.0,6.9,100.0,6.0,475.0,#ERROR!,#ERROR!,#ERROR!,#ERROR!,#ERROR!,#ERROR!,#ERROR!,#ERROR!,#ERROR!,#ERROR!
H1-2B,LAB2,LARW2,27.5,H1-2B_LAB2_LARW2-27.5m,11,#ERROR!,17.0,48.0,4.5,0.0,-9.0,#ERROR!,,0.0,3.3,-0.5,-33.0,#ERROR!,-4.0,7.1,110.0,6.2,530.0,#ERROR!,#ERROR!,#ERROR!,#ERROR!,#ERROR!,#ERROR!,#ERROR!,#ERROR!,#ERROR!,#ERROR!
H1,LAB2,LARW2,27.5,H1_LAB2_LARW2-27.5m,10,#ERROR!,18.5,53.0,3.0,0.0,-10.0,#ERROR!,,0.0,2.8,-0.8,-34.0,#ERROR!,-4.0,6.0,110.0,5.7,530.0,#ERROR!,#ERROR!,#ERROR!,#ERROR!,#ERROR!,#ERROR!,#ERROR!,#ERROR!,#ERROR!,#ERROR!
H1,LAB2,LARW2,27.5,H1_LAB2_LARW2-27.5m,11,#ERROR!,19.0,50.5,3.0,2.0,-10.0,#ERROR!,,0.0,2.8,-0.8,-34.0,#ERROR!,-4.0,9.0,125.0,5.8,600.0,#ERROR!,#ERROR!,#ERROR!,#ERROR!,#ERROR!,#ERROR!,#ERROR!,#ERROR!,#ERROR!,#ERROR!
H1,LAB2,LARW2,27.5,H1_LAB2_LARW2-27.5m,12,#ERROR!,20.0,49.5,3.0,4.0,-10.0,#ERROR!,,0.0,2.8,-0.8,-34.0,#ERROR!,-4.0,11.0,140.0,5.9,650.0,#ERROR!,#ERROR!,#ERROR!,#ERROR!,#ERROR!,#ERROR!,#ERROR!,#ERROR!,#ERROR!,#ERROR!
,,,,,,,,,,,,,,,,,,,,,,,,,,,,,,,,,
,,,,,,,,,,,,,,,,,,,,,,,,,,,,,,,,,
,,,,,,,,,,,,,,,,,,,,,,,,,,,,,,,,,
,,,,,,,,,,,,,,,,,,,,,,,,,,,,,,,,,
,,,,,,,,,,,,,,,,,,,,,,,,,,,,,,,,,
,,,,,,,,,,,,,,,,,,,,,,,,,,,,,,,,,
,,,,,,,,,,,,,,,,,,,,,,,,,,,,,,,,,
,,,,,,,,,,,,,,,,,,,,,,,,,,,,,,,,,
,,,,,,,,,,,,,,,,,,,,,,,,,,,,,,,,,
,,,,,,,,,,,,,,,,,,,,,,,,,,,,,,,,,
,,,,,,,  ,,,,,,,,,,,,,,,,,,,,,,,,,,